Air,Blow,AIRBlow
Air,Burst,AIRBrst
Air,Hiss,AIRHiss
Air,Misc,AIRMisc
Air,Suction,AIRSuck
Aircraft,Door,AERODoor
Aircraft,Helicopter,AEROHeli
Aircraft,Interior,AEROInt
Aircraft,Jet,AEROJet
Aircraft,Mechanism,AEROMech
Aircraft,Military,AEROMil
Aircraft,Misc,AEROMisc
Aircraft,Prop,AEROProp
Aircraft,Radio Controlled,AERORadio
Aircraft,Rocket,AERORckt
Alarms,Bell,ALRMBell
Alarms,Buzzer,ALRMBuzr
Alarms,Clock,ALRMClok
Alarms,Electronic,ALRMElec
Alarms,Misc,ALRMMisc
Alarms,Siren,ALRMSirn
Ambience,Air,AMBAir
Ambience,Alpine,AMBAlpn
Ambience,Amusement,AMBAmus
Ambience,Birdsong,AMBBird
Ambience,Celebration,AMBCele
Ambience,Construction,AMBCnst
Ambience,Desert,AMBDsrt
Ambience,Designed,AMBDsgn
Ambience,Emergency,AMBEmrg
Ambience,Fantasy,AMBFant
Ambience,Farm,AMBFarm
Ambience,Forest,AMBForst
Ambience,Grassland,AMBGras
Ambience,Historical,AMBHist
Ambience,Hitech,AMBTech
Ambience,Hospital,AMBHosp
Ambience,Industrial,AMBInd
Ambience,Insect,AMBInsc
Ambience,Lakeside,AMBLake
Ambience,Market,AMBMrkt
Ambience,Misc,AMBMisc
Ambience,Nautical,AMBNaut
Ambience,Office,AMBOffc
Ambience,Park,AMBPark
Ambience,Prison,AMBPrisn
Ambience,Protest,AMBPrtst
Ambience,Public place,AMBPubl
Ambience,Religious,AMBRlgn
Ambience,Residential,AMBHome
Ambience,Restaurant & Bar,AMBRest
Ambience,Room Tone,AMBRoom
Ambience,Rural,AMBRurl
Ambience,School,AMBSchl
Ambience,Scifi,AMBSci
Ambience,Seaside,AMBSea
Ambience,Sport,AMBSprt
Ambience,Suburban,AMBSubn
Ambience,Swamp,AMBSwmp
Ambience,Town,AMBTown
Ambience,Traffic,AMBTraf
Ambience,Transportation,AMBTran
Ambience,Tropical,AMBTrop
Ambience,Tundra,AMBTndra
Ambience,Underground,AMBUndr
Ambience,Underwater,AMBUndwtr
Ambience,Urban,AMBUrbn
Ambience,Warfare,AMBWar
Animals,Amphibian,ANMLAmph
Animals,Aquatic,ANMLAqua
Animals,Bat,ANMLBat
Animals,Cat domestic,ANMLCat
Animals,Cat wild,ANMLWcat
Animals,Dog,ANMLDog
Animals,Dog wild,ANMLWdog
Animals,Farm,ANMLFarm
Animals,Horse,ANMLHors
Animals,Insect,ANMLInsc
Animals,Misc,ANMLMisc
Animals,Primate,ANMLPrim
Animals,Reptile,ANMLRept
Animals,Rodent,ANMLRdnt
Animals,Wild,ANMLWild
Archived,Adr,ADR
Archived,Asset,ASSET
Archived,Bounce,BNCE
Archived,Impulse response,IR
Archived,Loop group,LPGRP
Archived,Mix,MIX
Archived,Pfx,PFX
Archived,Production,PROD
Archived,Raw,RAW
Archived,Reference,REF
Archived,Scene,SCNE
Archived,Test tone,TEST
Archived,Trademarked,TMARK
Archived,Work in progress,WIP
Archived,Wtf,WTF
Beeps,Appliance,BEEPAppl
Beeps,General,BEEP
Beeps,Lofi,BEEPLofi
Beeps,Medical,BEEPMed
Beeps,Timer,BEEPTimer
Beeps,Vehicle,BEEPVeh
Bells,Animal,BELLAnml
Bells,Doorbell,BELLDoor
Bells,Gong,BELLGong
Bells,Handbell,BELLHand
Bells,Large,BELLLrg
Bells,Misc,BELLMisc
Birds,Bird of prey,BIRDPrey
Birds,Crow,BIRDCrow
Birds,Fowl,BIRDFowl
Birds,Misc,BIRDMisc
Birds,Sea,BIRDSea
Birds,Songbird,BIRDSong
Birds,Tropical,BIRDTrop
Birds,Wading,BIRDWade
Boats,Air boat,BOATAir
Boats,Bow wash,BOATWash
Boats,Door,BOATDoor
Boats,Electric,BOATElec
Boats,Fishing,BOATFish
Boats,Horn,BOATHorn
Boats,Interior,BOATInt
Boats,Mechanism,BOATMech
Boats,Military,BOATMil
Boats,Misc,BOATMisc
Boats,Motorboat,BOATMotr
Boats,Racing,BOATRace
Boats,Rowboat,BOATRow
Boats,Sailboat,BOATSail
Boats,Ship,BOATShip
Boats,Steam,BOATStm
Boats,Submarine,BOATSub
Boats,Underwater,BOATUndwtr
Bullets,By,BLLTBy
Bullets,Impact,BLLTImpt
Bullets,Misc,BLLTMisc
Bullets,Ricochet,BLLTRico
Bullets,Shell,BLLTShel
Cartoon,Animal,TOONAnml
Cartoon,Boing,TOONBoing
Cartoon,Clang,TOONClang
Cartoon,Creak,TOONCreak
Cartoon,Horn,TOONHorn
Cartoon,Impact,TOONImpt
Cartoon,Machine,TOONMach
Cartoon,Misc,TOONMisc
Cartoon,Musical,TOONMx
Cartoon,Pluck,TOONPluk
Cartoon,Pop,TOONPop
Cartoon,Shake,TOONShake
Cartoon,Splat,TOONSplt
Cartoon,Squeak,TOONSqk
Cartoon,Stretch,TOONStrch
Cartoon,Swish,TOONSwsh
Cartoon,Twang,TOONTwang
Cartoon,Vehicle,TOONVeh
Cartoon,Vocal,TOONVox
Cartoon,Warble,TOONWarb
Cartoon,Whistle,TOONWhis
Cartoon,Zip,TOONZip
Ceramics,Break,CERMBrk
Ceramics,Crash & debris,CERMCrsh
Ceramics,Friction,CERMFric
Ceramics,Handle,CERMHndl
Ceramics,Impact,CERMImpt
Ceramics,Misc,CERMMisc
Ceramics,Movement,CERMMvmt
Ceramics,Tonal,CERMTonl
Chains,Break,CHAINBrk
Chains,Handle,CHAINHndl
Chains,Impact,CHAINImpt
Chains,Misc,CHAINMisc
Chains,Movement,CHAINMvmt
Chemicals,Acid,CHEMAcid
Chemicals,Misc,CHEMMisc
Chemicals,Reaction,CHEMReac
Clocks,Chime,CLOCKChim
Clocks,Mechanics,CLOCKMech
Clocks,Misc,CLOCKMisc
Clocks,Tick,CLOCKTick
Cloth,Flap,CLOTHFlp
Cloth,Handle,CLOTHHndl
Cloth,Impact,CLOTHImpt
Cloth,Misc,CLOTHMisc
Cloth,Movement,CLOTHMvmt
Cloth,Rip,CLOTHRip
Communications,Audio visual,COMAv
Communications,Camera,COMCam
Communications,Cellphone,COMCell
Communications,Microphone,COMMic
Communications,Misc,COMMisc
Communications,Phonograph,COMPhono
Communications,Radio,COMRadio
Communications,Static,COMStatic
Communications,Telemetry,COMTelm
Communications,Telephone,COMTelph
Communications,Television,COMTv
Communications,Transceiver,COMTran
Communications,Typewriter,COMType
Computers,Hard drive,CMPTDriv
Computers,Keyboard & mouse,CMPTKey
Computers,Misc,CMPTMisc
Creatures,Aquatic,CREAAqua
Creatures,Avian,CREAAvian
Creatures,Beast,CREABeast
Creatures,Blob,CREABlob
Creatures,Dinosaur,CREADino
Creatures,Dragon,CREADrgn
Creatures,Elemental,CREAElem
Creatures,Ethereal,CREAEthr
Creatures,Humanoid,CREAHmn
Creatures,Insectoid,CREAInsc
Creatures,Misc,CREAMisc
Creatures,Monster,CREAMnstr
Creatures,Reptilian,CREARept
Creatures,Small,CREASmall
Creatures,Source,CREASrce
Crowds,Angry,CRWDAngr
Crowds,Applause,CRWDApls
Crowds,Battle,CRWDBatl
Crowds,Celebration,CRWDCele
Crowds,Cheering,CRWDCheer
Crowds,Children,CRWDChld
Crowds,Conversation,CRWDConv
Crowds,Laughter,CRWDLaff
Crowds,Loop group,CRWDLoop
Crowds,Misc,CRWDMisc
Crowds,Panic,CRWDPanic
Crowds,Quiet,CRWDQuiet
Crowds,Reaction,CRWDReac
Crowds,Singing,CRWDSing
Crowds,Sport,CRWDSprt
Crowds,Walla,CRWDWalla
Designed,Bass dive,DSGNBass
Designed,Boom,DSGNBoom
Designed,Braam,DSGNBram
Designed,Distortion,DSGNDist
Designed,Drone,DSGNDron
Designed,Eerie,DSGNErie
Designed,Ethereal,DSGNEthr
Designed,Granular,DSGNGran
Designed,Impact,DSGNImpt
Designed,Misc,DSGNMisc
Designed,Morph,DSGNMorph
Designed,Riser,DSGNRise
Designed,Rumble,DSGNRmbl
Designed,Rhythmic,DSGNRythm
Designed,Source,DSGNSrce
Designed,Stinger,DSGNStngr
Designed,Synthetic,DSGNSynth
Designed,Tonal,DSGNTonl
Designed,Vocal,DSGNVocl
Designed,Whoosh,DSGNWhsh
Destruction,Collapse,DESTRClpse
Destruction,Crash & debris,DESTRCrsh
Destruction,Misc,DESTRMisc
Dirt & sand,Crash & debris,DIRTCrsh
Dirt & sand,Dust,DIRTDust
Dirt & sand,Handle,DIRTHndl
Dirt & sand,Impact,DIRTImpt
Dirt & sand,Misc,DIRTMisc
Dirt & sand,Movement,DIRTMvmt
Dirt & sand,Tonal,DIRTTonl
Doors,Antique,DOORAntq
Doors,Appliance,DOORAppl
Doors,Cabinet,DOORCab
Doors,Composite,DOORComp
Doors,Creak,DOORCreak
Doors,Dungeon,DOORDungn
Doors,Electric,DOORElec
Doors,Gate,DOORGate
Doors,Glass,DOORGlas
Doors,Hardware,DOORHdwr
Doors,Hitech,DOORTech
Doors,Hydraulic & pneumatic,DOORHydr
Doors,Knock,DOORKnck
Doors,Metal,DOORMetl
Doors,Misc,DOORMisc
Doors,Plastic,DOORPlas
Doors,Prison,DOORPrisn
Doors,Revolving,DOORRevl
Doors,Sliding,DOORSlid
Doors,Stone,DOORSton
Doors,Swinging,DOORSwng
Doors,Wood,DOORWood
Drawers,Metal,DRWRMetl
Drawers,Misc,DRWRMisc
Drawers,Plastic,DRWRPlas
Drawers,Wood,DRWRWood
Electricity,Arc,ELECArc
Electricity,Buzz & hum,ELECBuzz
Electricity,Electromagnetic,ELECEmf
Electricity,Misc,ELECMisc
Electricity,Sparks,ELECSprk
Electricity,Zap,ELECZap
Equipment,Bridle & tack,EQUIPBridle
Equipment,Hitech,EQUIPTech
Equipment,Misc,EQUIPMisc
Equipment,Recreational,EQUIPRec
Equipment,Sport,EQUIPSprt
Equipment,Tactical,EQUIPTact
Explosions,Designed,EXPLDsgn
Explosions,Misc,EXPLMisc
Explosions,Real,EXPLReal
Farts,Designed,FARTDsgn
Farts,Misc,FARTMisc
Farts,Real,FARTReal
Fight,Bodyfall,FGHTBf
Fight,Cloth,FGHTClth
Fight,Grab,FGHTGrab
Fight,Impact,FGHTImpt
Fight,Misc,FGHTMisc
Fire,Burning,FIREBurn
Fire,Burst,FIREBrst
Fire,Crackle,FIRECrkl
Fire,Gas,FIREGas
Fire,Ignite,FIREIgn
Fire,Misc,FIREMisc
Fire,Sizzle,FIRESizz
Fire,Torch,FIRETrch
Fire,Turbulent,FIRETurb
Fire,Whoosh,FIREWhsh
Fireworks,Commercial,FRWKComr
Fireworks,Misc,FRWKMisc
Fireworks,Recreational,FRWKRec
Foley,Cloth,FOLYClth
Foley,Feet,FOLYFeet
Foley,Hands,FOLYHand
Foley,Misc,FOLYMisc
Foley,Prop,FOLYProp
Food & drink,Cooking,FOODCook
Food & drink,Drinking,FOODDrnk
Food & drink,Eating,FOODEat
Food & drink,Glassware,FOODGware
Food & drink,Ingredients,FOODIngr
Food & drink,Kitchenware,FOODKware
Food & drink,Misc,FOODMisc
Food & drink,Pour,FOODPour
Food & drink,Tableware,FOODTware
Footsteps,Animal,FEETAnml
Footsteps,Creature,FEETCrea
Footsteps,Horse,FEETHors
Footsteps,Human,FEETHmn
Footsteps,Misc,FEETMisc
Games,Arcade,GAMEArcd
Games,Board,GAMEBoard
Games,Casino,GAMECas
Games,Misc,GAMEMisc
Games,Video,GAMEVideo
Geothermal,Fumarole,GEOFuma
Geothermal,Geyser,GEOGeyser
Geothermal,Lava,GEOLava
Geothermal,Misc,GEOMisc
Geothermal,Mud pots,GEOMudpot
Glass,Break,GLASBrk
Glass,Crash & debris,GLASCrsh
Glass,Friction,GLASFric
Glass,Handle,GLASHndl
Glass,Impact,GLASImpt
Glass,Misc,GLASMisc
Glass,Movement,GLASMvmt
Glass,Tonal,GLASTonl
Gore,Blood,GOREBlood
Gore,Bone,GOREBone
Gore,Burn,GOREBurn
Gore,Flesh,GOREFlsh
Gore,Misc,GOREMisc
Gore,Ooze,GOREOoze
Gore,Source,GORESrce
Gore,Splat,GORESplt
Gore,Squish,GORESqsh
Gore,Stab,GOREStab
Guns,Antique,GUNAntq
Guns,Artillery,GUNArtl
Guns,Automatic,GUNAuto
Guns,Cannon,GUNCano
Guns,Handle,GUNHndl
Guns,Hitech,GUNTech
Guns,Mechanism,GUNMech
Guns,Misc,GUNMisc
Guns,Pistol,GUNPis
Guns,Rifle,GUNRif
Guns,Shotgun,GUNShotg
Guns,Suppressed,GUNSupr
Horns,Air powered,HORNAir
Horns,Celebration,HORNCele
Horns,Misc,HORNMisc
Horns,Traditional,HORNTrad
Human,Blow,HMNBlow
Human,Breath,HMNBrth
Human,Burp,HMNBurp
Human,Cough,HMNCough
Human,Heartbeat,HMNHart
Human,Kiss,HMNKiss
Human,Misc,HMNMisc
Human,Pee,HMNPee
Human,Skin,HMNSkin
Human,Sneeze,HMNSneez
Human,Sniff,HMNSniff
Human,Snore,HMNSnor
Human,Spit,HMNSpit
Human,Vomit,HMNVomit
Ice,Break,ICEBrk
Ice,Crash & debris,ICECrsh
Ice,Friction,ICEFric
Ice,Handle,ICEHndl
Ice,Impact,ICEImpt
Ice,Misc,ICEMisc
Ice,Movement,ICEMvmt
Ice,Tonal,ICETonl
Lasers,Beam,LASRBeam
Lasers,Gun,LASRGun
Lasers,Impact,LASRImpt
Lasers,Misc,LASRMisc
Leather,Creak,LETHRCreak
Leather,Handle,LETHRHndl
Leather,Impact,LETHRImpt
Leather,Misc,LETHRMisc
Leather,Movement,LETHRMvmt
Liquid & mud,Bubbles,LIQBubl
Liquid & mud,Impact,LIQImpt
Liquid & mud,Misc,LIQMisc
Liquid & mud,Movement,LIQMvmt
Liquid & mud,Suction,LIQSuct
Machines,Amusement,MACHAmus
Machines,Antique,MACHAntq
Machines,Appliance,MACHAppl
Machines,Construction,MACHCnst
Machines,Elevator,MACHElev
Machines,Escalator,MACHEscl
Machines,Fan,MACHFan
Machines,Garden,MACHGrdn
Machines,Gym,MACHGym
Machines,Hitech,MACHTech
Machines,Hvac,MACHHvac
Machines,Industrial,MACHInd
Machines,Mechanism,MACHMech
Machines,Medical,MACHMed
Machines,Misc,MACHMisc
Machines,Office,MACHOffc
Machines,Pump,MACHPump
Magic,Angelic,MAGAngl
Magic,Elemental,MAGElem
Magic,Evil,MAGEvil
Magic,Misc,MAGMisc
Magic,Poof,MAGPoof
Magic,Shimmer,MAGShim
Magic,Spell,MAGSpel
Mechanical,Click,MECHClik
Mechanical,Gears,MECHGear
Mechanical,Hydraulic & pneumatic,MECHHydr
Mechanical,Latch,MECHLtch
Mechanical,Lever,MECHLvr
Mechanical,Lock,MECHLock
Mechanical,Misc,MECHMisc
Mechanical,Pulley,MECHPuly
Mechanical,Ratchet,MECHRtch
Mechanical,Relay,MECHRelay
Mechanical,Roller,MECHRolr
Mechanical,Switch,MECHSwtch
Metal,Break,METLBrk
Metal,Crash & debris,METLCrsh
Metal,Friction,METLFric
Metal,Handle,METLHndl
Metal,Impact,METLImpt
Metal,Misc,METLMisc
Metal,Movement,METLMvmt
Metal,Tonal,METLTonl
Motors,Antique,MOTRAntq
Motors,Combustion,MOTRComb
Motors,Electric,MOTRElec
Motors,Misc,MOTRMisc
Motors,Servo,MOTRSrvo
Motors,Turbine,MOTRTurb
Movement,Activity,MOVEActv
Movement,Animal,MOVEAnml
Movement,Creature,MOVECrea
Movement,Crowd,MOVECrwd
Movement,Human,MOVEHmn
Movement,Insect,MOVEInsc
Movement,Misc,MOVEMisc
Movement,Presence,MOVEPres
Musical,Bells,MUSCBell
Musical,Brass,MUSCBrass
Musical,Chime,MUSCChim
Musical,Choral,MUSCChor
Musical,Experimental,MUSCExpr
Musical,Instrument,MUSCInst
Musical,Keyed,MUSCKeyd
Musical,Loop,MUSCLoop
Musical,Misc,MUSCMisc
Musical,Percussion,MUSCPerc
Musical,Percussion tuned,MUSCTnprc
Musical,Performance,MUSCPrfm
Musical,Plucked,MUSCPluck
Musical,Sample,MUSCSmpl
Musical,Shaken,MUSCShake
Musical,Song & phrase,MUSCSong
Musical,Stinger,MUSCStngr
Musical,Stringed,MUSCStr
Musical,Synthesized,MUSCSynth
Musical,Toy,MUSCToy
Musical,Woodwind,MUSCWind
Natural disaster,Avalanche,NATDAval
Natural disaster,Earthquake,NATDQuak
Natural disaster,Misc,NATDMisc
Natural disaster,Tornado,NATDTorn
Natural disaster,Tsunami,NATDTsun
Natural disaster,Typhoon,NATDThyp
Natural disaster,Volcano,NATDVolc
Objects,Bag,OBJBag
Objects,Book,OBJBook
Objects,Coin,OBJCoin
Objects,Container,OBJCont
Objects,Fashion,OBJFash
Objects,Furniture,OBJFurn
Objects,Garden,OBJGrdn
Objects,Gym,OBJGym
Objects,Household,OBJHsehld
Objects,Jewelry,OBJJewl
Objects,Keys,OBJKey
Objects,Luggage,OBJLug
Objects,Medical,OBJMed
Objects,Misc,OBJMisc
Objects,Office,OBJOffc
Objects,Packaging,OBJPack
Objects,Tape,OBJTape
Objects,Umbrella,OBJUmbr
Objects,Wheeled,OBJWhled
Objects,Writing,OBJWrite
Objects,Zipper,OBJZipr
Paper,Flutter,PAPRFltr
Paper,Friction,PAPRFric
Paper,Handle,PAPRHndl
Paper,Impact,PAPRImpt
Paper,Misc,PAPRMisc
Paper,Rip,PAPRRip
Paper,Tonal,PAPRTonl
Plastic,Break,PLASBrk
Plastic,Crash & debris,PLASCrsh
Plastic,Friction,PLASFric
Plastic,Handle,PLASHndl
Plastic,Impact,PLASImpt
Plastic,Misc,PLASMisc
Plastic,Movement,PLASMvmt
Plastic,Tonal,PLASTonl
Rain,Cloth,RAINClth
Rain,Concrete,RAINConc
Rain,General,RAIN
Rain,Glass,RAINGlas
Rain,Interior,RAINInt
Rain,Metal,RAINMetl
Rain,Plastic,RAINPlas
Rain,Vegetation,RAINVege
Rain,Water,RAINWatr
Rain,Wood,RAINWood
Robots,Misc,ROBTMisc
Robots,Movement,ROBTMvmt
Robots,Vocal,ROBTVox
Rocks,Break,ROCKBrk
Rocks,Crash & debris,ROCKCrsh
Rocks,Friction,ROCKFric
Rocks,Handle,ROCKHndl
Rocks,Impact,ROCKImpt
Rocks,Misc,ROCKMisc
Rocks,Movement,ROCKMvmt
Rocks,Tonal,ROCKTonl
Rope,Creak,ROPECreak
Rope,Handle,ROPEHndl
Rope,Impact,ROPEImpt
Rope,Misc,ROPEMisc
Rope,Movement,ROPEMvmt
Rubber,Crash & debris,RUBRCrsh
Rubber,Friction,RUBRFric
Rubber,Handle,RUBRHndl
Rubber,Impact,RUBRImpt
Rubber,Misc,RUBRMisc
Rubber,Movement,RUBRMvmt
Rubber,Tonal,RUBRTonl
Scifi,Alarm,SCIAlrm
Scifi,Computer,SCICmpt
Scifi,Door,SCIDoor
Scifi,Energy,SCIEnrg
Scifi,Impact,SCIImpt
Scifi,Machine,SCIMach
Scifi,Mechanism,SCIMech
Scifi,Misc,SCIMisc
Scifi,Retro,SCIRetro
Scifi,Spaceship,SCIShip
Scifi,Vehicle,SCIVeh
Scifi,Weapon,SCIWeap
Snow,Crash & debris,SNOWCrsh
Snow,Friction,SNOWFric
Snow,Handle,SNOWHndl
Snow,Impact,SNOWImpt
Snow,Misc,SNOWMisc
Snow,Movement,SNOWMvmt
Sports,Court,SPRTCourt
Sports,Field,SPRTField
Sports,Gym,SPRTGym
Sports,Indoor,SPRTIndor
Sports,Misc,SPRTMisc
Sports,Skate,SPRTSkate
Sports,Track & field,SPRTTrck
Sports,Water,SPRTWatr
Sports,Winter,SPRTWntr
Swooshes,Swish,SWSH
Swooshes,Whoosh,WHSH
Tools,Garden,TOOLGrdn
Tools,Hand,TOOLHand
Tools,Misc,TOOLMisc
Tools,Pneumatic,TOOLPneu
Tools,Power,TOOLPowr
Toys,Electronic,TOYElec
Toys,Mechanical,TOYMech
Toys,Misc,TOYMisc
Trains,Brake,TRNBrake
Trains,Clack,TRNClak
Trains,Door,TRNDoor
Trains,Diesel,TRNDiesl
Trains,Electric,TRNElec
Trains,High speed,TRNHspd
Trains,Horn,TRNHorn
Trains,Interior,TRNInt
Trains,Mechanism,TRNMech
Trains,Misc,TRNMisc
Trains,Steam,TRNSteam
Trains,Subway,TRNSbwy
Trains,Tram,TRNTram
User interface,Alert,UIAlert
User interface,Beep,UIBeep
User interface,Click,UIClick
User interface,Data,UIData
User interface,Glitch,UIGlitch
User interface,Misc,UIMisc
User interface,Motion,UIMvmt
Vegetation,Grass,VEGEGras
Vegetation,Leaves,VEGELeaf
Vegetation,Misc,VEGEMisc
Vegetation,Tree,VEGETree
Vehicles,Alarm,VEHAlrm
Vehicles,Antique,VEHAntq
Vehicles,Atv,VEHAtv
Vehicles,Bicycle,VEHBike
Vehicles,Brake,VEHBrake
Vehicles,Bus,VEHBus
Vehicles,Car,VEHCar
Vehicles,Construction,VEHCnst
Vehicles,Door,VEHDoor
Vehicles,Electric,VEHElec
Vehicles,Emergency,VEHEmrg
Vehicles,Farm,VEHFarm
Vehicles,Freight,VEHFrght
Vehicles,Generic by,VEHBy
Vehicles,Horn,VEHHorn
Vehicles,Interior,VEHInt
Vehicles,Jalopy,VEHJalop
Vehicles,Mechanism,VEHMech
Vehicles,Military,VEHMil
Vehicles,Misc,VEHMisc
Vehicles,Motorcycle,VEHMoto
Vehicles,Racing,VEHRace
Vehicles,Siren,VEHSirn
Vehicles,Skid,VEHSkid
Vehicles,Suspension,VEHSusp
Vehicles,Tire,VEHTire
Vehicles,Truck van & suv,VEHTruck
Vehicles,Utility,VEHUtil
Vehicles,Wagon,VEHWagn
Vehicles,Window,VEHWndw
Voices,Alien,VOXAlien
Voices,Baby,VOXBaby
Voices,Cheer,VOXCheer
Voices,Child,VOXChld
Voices,Crying,VOXCry
Voices,Efforts,VOXEfrt
Voices,Female,VOXFem
Voices,Futzed,VOXFutz
Voices,Historical,VOXHist
Voices,Laugh,VOXLaff
Voices,Male,VOXMale
Voices,Misc,VOXMisc
Voices,Reaction,VOXReac
Voices,Scream,VOXScrm
Voices,Singing,VOXSing
Voices,Whisper,VOXWhsp
Water,Bubbles,WATRBubl
Water,Drain,WATRDran
Water,Drip,WATRDrip
Water,Fizz,WATRFizz
Water,Flow,WATRFlow
Water,Fountain,WATRFoun
Water,Impact,WATRImpt
Water,Lap,WATRLap
Water,Misc,WATRMisc
Water,Movement,WATRMvmt
Water,Plumbing,WATRPlmb
Water,Pour,WATRPour
Water,Splash,WATRSplsh
Water,Spray,WATRSpray
Water,Steam,WATRStm
Water,Surf,WATRSurf
Water,Turbulent,WATRTurb
Water,Underwater,WATRUndwtr
Water,Waterfall,WATRFall
Water,Wave,WATRWave
Weapons,Armor,WEAPArmr
Weapons,Arrow,WEAPArro
Weapons,Axe,WEAPAxe
Weapons,Blunt,WEAPBlnt
Weapons,Bow,WEAPBow
Weapons,Knife,WEAPKnif
Weapons,Misc,WEAPMisc
Weapons,Polearm,WEAPPole
Weapons,Siege,WEAPSiege
Weapons,Sword,WEAPSwrd
Weapons,Whip,WEAPWhip
Weather,Hail,HAIL
Weather,Misc,WTHR
Weather,Storm,STORM
Weather,Thunder,THUN
Whistles,Human,WHSTHmn
Whistles,Mechanical,WHSTMech
Whistles,Misc,WHSTMisc
Wind,Designed,WINDDsgn
Wind,General,WIND
Wind,Gust,WINDGust
Wind,Interior,WINDInt
Wind,Tonal,WINDTonl
Wind,Turbulent,WINDTurb
Wind,Vegetation,WINDVege
Windows,Covering,WNDWCover
Windows,Hardware,WNDWHdwr
Windows,Knock,WNDWKnck
Windows,Metal,WNDWMetl
Windows,Misc,WNDWMisc
Windows,Plastic,WNDWPlas
Windows,Wood,WNDWWood
Wings,Bird,WINGBird
Wings,Creature,WINGCrea
Wings,Insect,WINGInsc
Wings,Misc,WINGMisc
Wood,Break,WOODBrk
Wood,Crash & debris,WOODCrsh
Wood,Friction,WOODFric
Wood,Handle,WOODHandl
Wood,Impact,WOODImpt
Wood,Misc,WOODMisc
Wood,Movement,WOODMvmt
Wood,Tonal,WOODTonl
